âœˆï¸ AviÃ£o,ğŸ’° Banco,ğŸ–ï¸ Praia,ğŸ° Cassino,â›ª Igreja,ğŸª Circo,ğŸ’¼ Festa da firma,ğŸ¥ Hospital,ğŸ–ï¸ Base Militar,ğŸ¥ EstÃºdio de Cinema,ğŸš‚ Trem de passageiros,ğŸ´â€â˜ ï¸ Navio Pirata,ğŸ‘® Delegacia,ğŸ« Escola,ğŸš¢ Submarino,ğŸª Supermercado,ğŸ¢ Parque de diversÃ£o,ğŸ’€ CemitÃ©rio,â›½ Posto de gasolina,â›“ï¸ PrisÃ£o,ğŸ‘¨â€ğŸ¤ Show de Rock,ğŸŸï¸ EstÃ¡dio,ğŸ¦˜ ZoolÃ³gico
Passageiro de primeira classe,Motorista de carro forte,GarÃ§onete da praia,Bartender,Padre,Acrobata,Cantor da banda,Enfermeira,Desertor,DublÃª,MecÃ¢nico,Cozinheiro,Detetive,Professor de Ed. FÃ­sica,Cozinheiro,Cliente,Operador de montanha russa,Padre,Entusiasta de carros,Homem acusado injustamente,DanÃ§arino,MÃ©dico,Zelador
Pais com crianÃ§a de colo,Gerente,Kite Surfer,Chefe de seguranÃ§a,Pedinte,Treinador de animais,Gerente,MÃ©dico,Coronel,TÃ©cnico de som,Fiscal de tickets,Marinheiro,Advogado,Estudante,Comandante,Caixa,Pai que perdeu o filho,Menina gÃ³tica,Ajudante de frentista,Operador das cÃ¢meras,Cantor,Jogador,Visitante
MecÃ¢nico,Consultor,Salva-vidas,Viciado em apostas,Menino que toca o sino,MÃ¡gico,Convidado indesejado,Anestesista,MÃ©dico,Cameraman,GarÃ§om do trem,Prisioneiro,Jornalista,Diretor,TÃ©cnico do radar,AÃ§ougueiro,Vendedor de comidas,LadrÃ£o de tÃºmulos,Dono da coveniÃªncia,Guarda,FÃ£,Vendedor de pipoca,FotogrÃ¡fo
Passageiro da classe econÃ´mica,Cliente,Mofi,Gerente,Coroinha,Visitante,CEO,Estudante de medicina da federal,Soldado,Diretor,Passageiro,Canhoneiro,Policial corrupto,Guardinha,TÃ©cnico em eletrÃ´nica,Zelador,Caixa,Poeta,Cliente,Visitante,Guitarrista,Narrador,CrianÃ§a
ComissÃ¡ria de bordo,LadrÃ£o,Matuto,Jogador de poker,Turista,Comedor de fogo,SecretÃ¡ria,Paciente,Sniper,Estilista,Chefe do restaurante,Protetor do tesouro,Recepcionista,Zelador,Marinheiro,Guardinha,CrianÃ§a feliz,Pessoa de luto,Lavador de carro,Advogado,Baterista,Espectador,VeterinÃ¡rio
Co-piloto,Guarda,FotÃ³grafo de praia,Distribuidor de cartas,Crente,PalhaÃ§o,Contador,Terapeuta,Oficial,Ator,Engenheiro,BÃªbado,Policial de patrulha,Tia da cozinha,Operador de rÃ¡dio,Organizador de prateleiras,CrianÃ§a irritante,Porteiro,Caixa,Zelador,BÃªbado,Guardinha,Turista
Piloto,Atendente,Vendedor de picolÃ© e garrafinha,Perdeu tudo em aposta,Cantor do coral,Malabarista,Menino do ifood,CirurgiÃ£o,Engenheiro de Tanque de Guerra,Produtor,Turista rico,Bravo capitÃ£o,Criminoso,Nerd,CapitÃ£o,Adolescente roubando chocolate,Adolescente emburrado,Pessoa morta,Cliente,Carcereiro,Penetra,Juiz,Vendedor de comida
,,,,,,,,,,,,,,,,Zelador,Parente da pessoa morta,Ativista do aquecimento global,Criminoso,Guardinha,FÃ£ enlouquecido,Caixa
,,,,,,,,,,,,,,,,Guardinha,Vendedor de flores,Frentista,Serial Killer,Baixista,Goleiro,Apaixonado por cobras
,,,,,,,,,,,,,,,,Pai que jÃ¡ quer ir pra casa,Coveiro,Gerente,ManÃ­aco,Ajudante de tÃ©cnico de som,CrianÃ§a,Pesquisador
